time,latitude,longitude,depth,mag,magType,nst,gap,dmin,rms,net,id,updated,place,type,horizontalError,depthError,magError,magNst,status,locationSource,magSource
2021-02-15T13:29:38.240Z,19.2111663818359,-155.441665649414,33.8300018310547,1.92999995,md,43,129,,0.100000001,hv,hv72352267,2021-02-15T13:32:53.430Z,"3 km ENE of Pāhala, Hawaii",earthquake,0.58,1.17999995,0.870000005,12,automatic,hv,hv
2021-02-15T13:24:55.830Z,33.4713333,-116.4118333,13.63,0.45,ml,15,132,0.1315,0.18,ci,ci39552527,2021-02-15T13:28:38.107Z,"23km SSW of La Quinta, CA",earthquake,0.49,1.24,0.115,5,automatic,ci,ci
2021-02-15T13:17:58.660Z,35.9183333,-117.6771667,3.13,1.19,ml,17,69,0.03665,0.18,ci,ci39552519,2021-02-15T13:21:35.641Z,"21km E of Little Lake, CA",earthquake,0.28,0.87,0.151,18,automatic,ci,ci
2021-02-15T12:53:58.610Z,18.2045,-67.1235,18,2.96,md,17,123,0.0248,0.19,pr,pr2021046010,2021-02-15T13:33:36.412Z,"1 km ENE of Mayagüez, Puerto Rico",earthquake,0.49,0.52,0.24,10,reviewed,pr,pr
2021-02-15T12:31:34.610Z,33.2584991,-117.1559982,19.06,1.48,ml,10,127,0.4651,0.28,ci,ci39552511,2021-02-15T12:35:11.453Z,"10km NE of Vista, CA",earthquake,1.54,2.81,0.307,13,automatic,ci,ci
2021-02-15T12:30:49.120Z,38.7948341,-122.7568359,0.23,0.62,md,8,88,0.006204,0.07,nc,nc73523516,2021-02-15T12:58:05.787Z,"2km N of The Geysers, CA",earthquake,0.36,0.56,0.08,2,automatic,nc,nc
2021-02-15T12:26:18.614Z,37.5352,141.3892,40.06,5.3,mww,,77,1.618,1.14,us,us6000dht9,2021-02-15T12:57:10.040Z,"34 km E of Namie, Japan",earthquake,7.5,5.8,0.098,10,reviewed,us,us
2021-02-15T12:26:04.252Z,37.5184,141.58,35.55,5.3,mww,,85,1.7,0.67,us,us6000dht8,2021-02-15T12:46:12.040Z,"51 km E of Namie, Japan",earthquake,6.6,6,0.089,12,reviewed,us,us
2021-02-15T12:20:41.580Z,35.9068333,-117.6965,12.41,0.46,ml,8,96,0.0555,0.22,ci,ci39552503,2021-02-15T12:24:15.941Z,"19km E of Little Lake, CA",earthquake,1.05,2.27,0.167,4,automatic,ci,ci
2021-02-15T12:19:42.900Z,33.6998333,-116.8698333,28.64,0.81,ml,11,121,0.1303,0.15,ci,ci39552495,2021-02-15T12:23:28.623Z,"6km SSE of Valle Vista, CA",earthquake,1.22,1.26,0.218,17,automatic,ci,ci
2021-02-15T12:15:53.280Z,41.1843338,-122.1315002,3.39,1.64,md,6,121,0.09003,0.07,nc,nc73523506,2021-02-15T12:30:07.615Z,"8km S of McCloud, CA",earthquake,1.05,7.75,0.14,4,automatic,nc,nc
2021-02-15T12:09:52.190Z,17.978,-66.9295,8,2.27,md,12,173,0.0504,0.3,pr,pr2021046009,2021-02-15T12:22:04.186Z,"1 km SW of Fuig, Puerto Rico",earthquake,0.7,1.43,0.05,7,reviewed,pr,pr
2021-02-15T12:08:55.010Z,32.7466667,-115.8266667,10.54,1.99,ml,30,82,0.1276,0.25,ci,ci39552487,2021-02-15T12:19:59.690Z,"16km E of Ocotillo, CA",earthquake,0.47,0.85,0.184,27,automatic,ci,ci
2021-02-15T11:51:32.060Z,36.221,-97.27766667,8.57,1.15,ml,46,68,0.05218975859,0.25,ok,ok2021dfdc,2021-02-15T13:27:17.838Z,"7 km S of Perry, Oklahoma",earthquake,,1.1,0.2,18,reviewed,ok,ok
2021-02-15T11:29:07.590Z,33.015,-116.4058333,3.04,0.99,ml,34,94,0.1051,0.23,ci,ci39552479,2021-02-15T11:32:54.986Z,"20km ESE of Julian, CA",earthquake,0.36,1.27,0.088,19,automatic,ci,ci
2021-02-15T11:28:55.430Z,37.2092,-117.1025,7,1.3,ml,18,153.47,0.25,0.19,nn,nn00800450,2021-02-15T11:32:12.600Z,"45 km NW of Beatty, Nevada",earthquake,,18,,,automatic,nn,nn
2021-02-15T11:09:00.824Z,60.788,-151.7227,74.4,1.3,ml,,,,0.38,ak,ak021249bnvm,2021-02-15T11:12:34.243Z,"26 km WNW of Nikiski, Alaska",earthquake,,1.2,,,automatic,ak,ak
2021-02-15T11:07:54.920Z,19.3346672058105,-155.140167236328,1.21000003814697,1.73,ml,43,107,,0.230000004,hv,hv72352152,2021-02-15T11:13:26.140Z,"14 km S of Fern Forest, Hawaii",earthquake,0.37,0.569999993,2.96,4,automatic,hv,hv
2021-02-15T11:03:27.118Z,61.8909,-149.2707,5.3,1.7,ml,,,,0.76,ak,ak021249afm3,2021-02-15T11:07:53.616Z,"16 km N of Fishhook, Alaska",earthquake,,0.2,,,automatic,ak,ak
2021-02-15T11:02:45.570Z,17.9898,-66.7873,16,2.98,md,21,166,0.0931,0.25,pr,pr2021046008,2021-02-15T11:30:41.940Z,"3 km S of Guayanilla, Puerto Rico",earthquake,0.7,0.42,0.12,12,reviewed,pr,pr
2021-02-15T10:55:09.230Z,38.8296661,-122.8113327,2.06,0.9,md,24,62,0.006339,0.01,nc,nc73523491,2021-02-15T13:07:05.837Z,"8km NW of The Geysers, CA",earthquake,0.2,0.42,0.02,4,automatic,nc,nc
2021-02-15T10:52:27.160Z,36.7635002,-121.4191666,9.35,1.66,md,12,139,0.02253,0.09,nc,nc73523486,2021-02-15T12:39:07.658Z,"7km SW of Ridgemark, CA",earthquake,0.59,1.03,0.31,8,automatic,nc,nc
2021-02-15T10:40:30.060Z,33.4896667,-116.7823333,2.66,1.56,ml,64,19,0.02719,0.21,ci,ci39552471,2021-02-15T10:51:42.080Z,"9km NE of Aguanga, CA",earthquake,0.18,0.4,0.131,26,automatic,ci,ci
2021-02-15T10:34:24.552Z,-17.7672,167.7858,99.79,4.9,mb,,69,9.782,0.77,us,us6000dhsn,2021-02-15T10:54:23.040Z,"56 km W of Port-Vila, Vanuatu",earthquake,13.3,8.2,0.106,28,reviewed,us,us
2021-02-15T10:33:51.371Z,63.4325,-149.3125,34.9,1.7,ml,,,,0.89,ak,ak021248vh5s,2021-02-15T10:49:01.435Z,"18 km WNW of Cantwell, Alaska",earthquake,,0.7,,,automatic,ak,ak
2021-02-15T10:32:46.255Z,-8.6531,-80.8522,29.13,5,mb,,165,5.152,1.21,us,us6000dhsm,2021-02-15T10:52:54.040Z,"193 km WSW of Santiago de Cao, Peru",earthquake,8.5,6,0.033,285,reviewed,us,us
2021-02-15T10:29:40.160Z,17.9195,-66.8146,15,2.5,md,11,225,0.0852,0.14,pr,pr2021046007,2021-02-15T11:28:09.118Z,"8 km S of Indios, Puerto Rico",earthquake,0.71,0.51,0.14,6,reviewed,pr,pr
2021-02-15T10:27:17.892Z,62.5388,-151.1102,92.1,1.7,ml,,,,0.23,ak,ak021248u4h4,2021-02-15T10:36:19.623Z,"18 km WNW of Petersville, Alaska",earthquake,,1.5,,,automatic,ak,ak
2021-02-15T10:13:46.731Z,68.2043,-146.3224,0,3.8,ml,,,,0.98,ak,ak021248r6q9,2021-02-15T10:33:22.463Z,"33 km WNW of Arctic Village, Alaska",earthquake,,210.5,,,automatic,ak,ak
2021-02-15T10:08:53.000Z,36.0855,-117.9266667,5.34,1.03,ml,8,199,0.06638,0.06,ci,ci39552463,2021-02-15T10:12:28.428Z,"5km NNE of Coso Junction, CA",earthquake,0.3,0.87,0.277,13,automatic,ci,ci
2021-02-15T10:07:02.205Z,-22.8676,172.5979,107.5,5,mb,,121,7.222,0.99,us,us6000dhse,2021-02-15T10:24:04.040Z,"southeast of the Loyalty Islands",earthquake,15.4,10.4,0.103,30,reviewed,us,us
2021-02-15T10:05:23.570Z,38.1593,-117.9065,9.5,0.8,ml,11,104.06,0.031,0.14,nn,nn00800447,2021-02-15T10:51:10.587Z,"31 km SE of Mina, Nevada",earthquake,,2.9,,,automatic,nn,nn
2021-02-15T09:56:06.673Z,-19.758,-69.4437,95.7,4.7,mb,,56,0.199,0.8,us,us6000dhsc,2021-02-15T10:32:36.684Z,"89 km NE of Iquique, Chile",earthquake,5.4,4.1,0.076,55,reviewed,us,us
2021-02-15T09:54:02.250Z,35.6623333,-117.4755,3.98,1.3,ml,17,88,0.07644,0.19,ci,ci39552455,2021-02-15T09:57:37.314Z,"13km SSW of Searles Valley, CA",earthquake,0.43,1.15,0.202,15,automatic,ci,ci
2021-02-15T09:46:28.055Z,63.2789,-153.2998,0.9,1.8,ml,,,,0.99,ak,ak021248csp4,2021-02-15T09:57:04.614Z,"61 km ENE of Nikolai, Alaska",earthquake,,0.3,,,automatic,ak,ak
2021-02-15T09:39:15.653Z,64.0322,-148.9389,3.9,3.1,ml,,,,0.69,ak,ak021248b98q,2021-02-15T09:52:03.697Z,"8 km E of Ferry, Alaska",earthquake,,0.3,,,automatic,ak,ak
2021-02-15T09:30:49.080Z,36.0828323,-119.9035034,-0.5,2.47,md,31,88,0.3057,0.34,nc,nc73523466,2021-02-15T11:02:05.059Z,"10km NNE of Kettleman City, CA",earthquake,0.61,11.82,0.09,18,automatic,nc,nc
2021-02-15T09:28:45.116Z,32.3013,-101.7859,5,3.3,mb_lg,,41,0.671,0.42,us,us6000dhs2,2021-02-15T09:44:20.964Z,"19 km N of Stanton, Texas",earthquake,1.5,1.9,0.047,120,reviewed,us,us
2021-02-15T09:23:31.660Z,35.6625,-117.4565,10.12,1.37,ml,20,116,0.07598,0.18,ci,ci39552431,2021-02-15T09:34:26.430Z,"13km SSW of Searles Valley, CA",earthquake,0.42,0.88,0.123,15,automatic,ci,ci
2021-02-15T09:13:50.223Z,-19.5098,168.0736,10,4.7,mb,,117,9.622,0.27,us,us6000dhs0,2021-02-15T09:58:16.040Z,"126 km W of Isangel, Vanuatu",earthquake,9,1.9,0.129,18,reviewed,us,us
2021-02-15T09:07:23.060Z,17.9926,-67.0235,5,3.03,md,18,124,0.0311,0.39,pr,pr2021046006,2021-02-15T11:13:52.263Z,"3 km NE of La Parguera, Puerto Rico",earthquake,0.81,0.42,0.08,7,reviewed,pr,pr
2021-02-15T08:33:48.580Z,35.9596667,-117.3521667,0.86,0.97,ml,14,141,0.08846,0.16,ci,ci39552423,2021-02-15T08:37:33.476Z,"22km N of Trona, CA",earthquake,0.82,0.81,0.115,11,automatic,ci,ci
2021-02-15T08:23:15.890Z,28.2124,104.9006,26.9,4.5,mb,,35,4.51,0.86,us,us6000dhrr,2021-02-15T10:52:30.040Z,"32 km SE of Xunchang, China",earthquake,7.5,5.5,0.07,61,reviewed,us,us
2021-02-15T08:10:38.580Z,34.157,-116.7256667,8.76,1.16,ml,32,80,0.1346,0.2,ci,ci39552415,2021-02-15T08:14:26.487Z,"16km SE of Big Bear City, CA",earthquake,0.32,0.76,0.169,28,automatic,ci,ci
2021-02-15T07:54:57.940Z,17.9673,-66.9383,9,1.52,md,5,229,0.1059,0.06,pr,pr2021046005,2021-02-15T08:22:11.669Z,"3 km W of Guánica, Puerto Rico",earthquake,0.74,1.5,0.07,4,reviewed,pr,pr
2021-02-15T07:40:06.110Z,33.9311667,-116.624,13.07,1.36,ml,47,46,0.03859,0.24,ci,ci39552407,2021-02-15T07:51:03.770Z,"8km WNW of Garnet, CA",earthquake,0.26,0.69,0.143,27,automatic,ci,ci
2021-02-15T07:26:21.610Z,35.6991667,-117.535,2.54,0.72,ml,13,136,0.1269,0.2,ci,ci39552399,2021-02-15T07:29:56.330Z,"14km WSW of Searles Valley, CA",earthquake,0.52,0.73,0.095,7,automatic,ci,ci
2021-02-15T07:08:07.556Z,-23.7566,179.4439,547.99,4.5,mb,,106,6.121,0.59,us,us6000dhrl,2021-02-15T07:44:30.040Z,"south of the Fiji Islands",earthquake,12.2,11.2,0.128,18,reviewed,us,us
2021-02-15T07:07:47.950Z,38.0325,-118.7765,0.2,1,ml,8,123.48,0.306,0.14,nn,nn00800440,2021-02-15T07:11:59.702Z,"31 km ENE of Lee Vining, California",earthquake,,11.2,,,automatic,nn,nn
2021-02-15T06:55:55.640Z,19.2111663818359,-155.440826416016,34.5499992370605,2.05999994,md,50,125,,0.0900000036,hv,hv72351967,2021-02-15T07:01:26.550Z,"4 km ENE of Pāhala, Hawaii",earthquake,0.49,0.779999971,1.04999995,31,automatic,hv,hv
2021-02-15T06:50:55.440Z,38.8330002,-122.8003311,2.13,0.79,md,21,49,0.009487,0.02,nc,nc73523416,2021-02-15T07:08:04.799Z,"7km W of Cobb, CA",earthquake,0.22,0.46,0.08,3,automatic,nc,nc
2021-02-15T06:40:55.900Z,19.2064990997314,-155.445999145508,33.8800010681152,2.1400001,md,48,122,,0.109999999,hv,hv72351952,2021-02-15T06:44:00.920Z,"3 km E of Pāhala, Hawaii",earthquake,0.43,0.620000005,1.59000003,14,automatic,hv,hv
2021-02-15T06:37:29.388Z,60.1758,-151.2184,46.2,3.6,ml,,,,0.71,ak,ak021246ik2y,2021-02-15T09:12:05.843Z,"11 km ESE of Clam Gulch, Alaska",earthquake,,0.4,,,reviewed,ak,ak
2021-02-15T06:35:11.240Z,38.8279991,-122.8036652,1.89,0.88,md,22,51,0.006797,0.03,nc,nc73523411,2021-02-15T08:58:05.393Z,"7km NW of The Geysers, CA",earthquake,0.22,0.42,0.05,4,automatic,nc,nc
2021-02-15T06:32:55.310Z,17.969,-66.7866,18,1.91,md,12,186,0.1949,0.16,pr,pr2021046004,2021-02-15T08:42:57.236Z,"4 km SE of Indios, Puerto Rico",earthquake,0.81,0.53,0.18,10,reviewed,pr,pr
2021-02-15T06:32:21.450Z,36.1606667,-118.182,2.01,1.34,ml,13,101,0.2683,0.11,ci,ci39552391,2021-02-15T06:35:56.982Z,"21km SW of Olancha, CA",earthquake,0.22,0.91,0.176,15,automatic,ci,ci
2021-02-15T06:30:09.000Z,33.262,-116.136,3.66,1.99,ml,71,19,0.1093,0.24,ci,ci39552383,2021-02-15T06:40:48.570Z,"13km N of Ocotillo Wells, CA",earthquake,0.22,1.28,0.162,26,automatic,ci,ci
2021-02-15T06:28:50.671Z,63.1601,-150.5821,116.1,2.1,ml,,,,0.38,ak,ak021246goac,2021-02-15T06:44:23.222Z,"71 km SE of Denali National Park, Alaska",earthquake,,0.7,,,automatic,ak,ak
2021-02-15T06:17:43.659Z,62.5868,-150.7448,70.6,1.7,ml,,,,0.77,ak,ak021246eatq,2021-02-15T06:25:00.350Z,"10 km N of Petersville, Alaska",earthquake,,1,,,automatic,ak,ak
2021-02-15T06:14:16.920Z,36.1573333,-118.1783333,3.12,2.04,ml,21,67,0.2648,0.11,ci,ci39552375,2021-02-15T06:18:09.873Z,"21km SW of Olancha, CA",earthquake,0.2,1.64,0.182,26,automatic,ci,ci
2021-02-15T06:14:11.040Z,33.1628333,-115.631,4.38,1.75,ml,31,30,0.01947,0.22,ci,ci39552367,2021-02-15T06:24:42.170Z,"12km WNW of Calipatria, CA",earthquake,0.31,0.51,0.179,27,automatic,ci,ci
2021-02-15T06:06:14.620Z,19.4878330230713,-155.579498291016,-1.53999996185303,2.75,ml,48,51,,0.349999994,hv,hv72351922,2021-02-15T08:17:02.435Z,"30 km E of Honaunau-Napoopoo, Hawaii",earthquake,0.38,0.560000002,3.12,30,automatic,hv,hv
2021-02-15T06:00:53.640Z,33.2408333,-116.648,9.91,0.63,ml,21,132,0.04158,0.16,ci,ci39552359,2021-02-15T06:04:39.895Z,"5km SSW of Warner Springs, CA",earthquake,0.38,0.6,0.16,9,automatic,ci,ci
2021-02-15T06:00:19.070Z,37.2243,-117.1403,19.4,1.2,ml,10,297.13,0.434,0.22,nn,nn00800434,2021-02-15T06:09:10.242Z,"48 km NW of Beatty, Nevada",earthquake,,4.4,,,automatic,nn,nn
2021-02-15T05:52:39.335Z,59.8199,-153.0005,93,1.4,ml,,,,0.42,ak,ak0212460d0d,2021-02-15T05:55:57.158Z,"62 km E of Pedro Bay, Alaska",earthquake,,1,,,automatic,ak,ak
2021-02-15T05:51:51.640Z,38.8283348,-122.8024979,1.96,0.41,md,12,105,0.007704,0.01,nc,nc73523396,2021-02-15T06:34:05.619Z,"7km W of Cobb, CA",earthquake,0.34,0.53,0.16,2,automatic,nc,nc
2021-02-15T05:47:45.260Z,38.7993317,-122.7350006,0.46,0.97,md,9,105,0.01613,0.04,nc,nc73523391,2021-02-15T06:22:05.556Z,"3km SSW of Cobb, CA",earthquake,0.25,0.9,0.07,2,automatic,nc,nc
2021-02-15T05:42:46.320Z,33.9961667,-117.1816667,12.78,0.79,ml,16,49,0.1053,0.26,ci,ci39552351,2021-02-15T05:46:33.167Z,"7km S of Redlands, CA",earthquake,0.54,1.54,0.149,16,automatic,ci,ci
2021-02-15T05:33:05.080Z,38.7876663,-122.7678299,1.73,0.96,md,18,79,0.01441,0.03,nc,nc73523381,2021-02-15T08:15:07.161Z,"2km NW of The Geysers, CA",earthquake,0.26,0.46,0.08,4,automatic,nc,nc
2021-02-15T05:32:12.900Z,36.1588333,-118.1825,3.68,1.26,ml,15,68,0.2684,0.2,ci,ci39552343,2021-02-15T05:35:42.581Z,"21km SW of Olancha, CA",earthquake,0.37,2.78,0.125,13,automatic,ci,ci
2021-02-15T05:08:20.130Z,35.8566667,-117.6825,7.39,1.09,ml,14,83,0.08023,0.11,ci,ci39552327,2021-02-15T05:12:02.431Z,"22km ESE of Little Lake, CA",earthquake,0.22,0.62,0.183,13,automatic,ci,ci
2021-02-15T05:05:39.724Z,60.1553,-152.7324,93.2,1.8,ml,,,,0.47,ak,ak021245qadw,2021-02-15T05:08:42.334Z,"60 km W of Ninilchik, Alaska",earthquake,,0.3,,,automatic,ak,ak
2021-02-15T05:04:43.870Z,19.3250007629395,-155.214492797852,2.72000002861023,1.96,ml,43,78,,0.200000003,hv,hv72351867,2021-02-15T05:10:14.800Z,"13 km S of Volcano, Hawaii",earthquake,0.31,0.819999993,0.22,8,automatic,hv,hv
2021-02-15T04:57:13.580Z,0.9863,98.8159,69.07,5,mb,,130,1.279,0.48,us,us6000dhqv,2021-02-15T05:07:39.040Z,"66 km SW of Padangsidempuan, Indonesia",earthquake,6.1,7.4,0.141,16,reviewed,us,us
2021-02-15T04:56:45.610Z,35.9658333,-117.322,2.81,1.66,ml,17,123,0.08105,0.15,ci,ci39552319,2021-02-15T05:07:22.350Z,"23km NNE of Trona, CA",earthquake,0.38,1.4,0.136,21,automatic,ci,ci
2021-02-15T04:48:43.900Z,33.1593333,-115.6376667,5.81,1.18,ml,16,84,0.0269,0.23,ci,ci39552311,2021-02-15T04:52:24.323Z,"12km WNW of Calipatria, CA",earthquake,0.47,0.64,0.247,17,automatic,ci,ci
2021-02-15T04:45:58.860Z,32.75,-115.8235,6.16,1.18,ml,15,80,0.1283,0.22,ci,ci39552303,2021-02-15T04:49:37.713Z,"16km E of Ocotillo, CA",earthquake,0.44,3.32,0.26,9,automatic,ci,ci
2021-02-15T04:45:05.210Z,38.226,-118.3263,14.8,1.8,ml,17,75.62,0.149,0.16,nn,nn00800428,2021-02-15T04:57:51.423Z,"26 km SW of Mina, Nevada",earthquake,,1.4,,,automatic,nn,nn
2021-02-15T04:40:28.610Z,38.1253,-117.9078,11.6,0.5,ml,9,88.93,0.023,0.12,nn,nn00800427,2021-02-15T04:46:09.539Z,"34 km SSE of Mina, Nevada",earthquake,,7.4,,,automatic,nn,nn
2021-02-15T04:37:17.040Z,38.7978325,-122.7956696,-0.53,0.9,md,14,75,0.007634,0.03,nc,nc73523356,2021-02-15T06:31:05.602Z,"4km NW of The Geysers, CA",earthquake,0.21,0.5,0.18,4,automatic,nc,nc
2021-02-15T04:23:44.280Z,38.8409996,-122.878334,2.41,1,md,19,91,0.004865,0.02,nc,nc73523341,2021-02-15T05:11:06.146Z,"13km ENE of Cloverdale, CA",earthquake,0.27,0.45,0.1,4,automatic,nc,nc
2021-02-15T04:20:35.270Z,19.1768341064453,-155.462173461914,34.3800010681152,2.5999999,md,48,111,,0.100000001,hv,hv72351847,2021-02-15T04:26:04.570Z,"3 km SSE of Pāhala, Hawaii",earthquake,0.51,0.870000005,1.91999996,30,automatic,hv,hv
2021-02-15T04:17:22.751Z,61.5925,-150.6599,52.3,1.8,ml,,,,0.43,ak,ak0212457e2b,2021-02-15T04:21:27.553Z,"9 km NW of Susitna, Alaska",earthquake,,0.5,,,automatic,ak,ak
2021-02-15T04:07:09.630Z,35.9871667,-117.2883333,5.67,1.5,ml,15,142,0.0961,0.18,ci,ci39552295,2021-02-15T04:18:08.270Z,"26km NNE of Trona, CA",earthquake,0.58,1.32,0.171,16,automatic,ci,ci
2021-02-15T03:57:44.220Z,38.1695,-117.8872,9.2,1.3,ml,11,74.02,0.026,0.16,nn,nn00800421,2021-02-15T04:08:10.055Z,"31 km SE of Mina, Nevada",earthquake,,1.9,,,automatic,nn,nn
2021-02-15T03:54:51.440Z,38.1777,-118.0682,7.2,0.4,ml,9,188.28,0.023,0.03,nn,nn00800420,2021-02-15T03:59:09.299Z,"23 km S of Mina, Nevada",earthquake,,8.6,,,automatic,nn,nn
2021-02-15T03:52:45.962Z,63.707,-146.2101,20.7,1.3,ml,,,,0.68,ak,ak021244ti9w,2021-02-15T04:05:45.881Z,"40 km SW of Fort Greely, Alaska",earthquake,,0.6,,,automatic,ak,ak
2021-02-15T03:49:52.560Z,35.9686661,-117.3278351,2.78,1.06,ml,9,145,0.08555,0.08,ci,ci39552287,2021-02-15T03:53:33.845Z,"23km NNE of Trona, CA",earthquake,0.74,3,0.264,3,automatic,ci,ci
2021-02-15T03:32:05.620Z,17.8678,-66.9006,13,2.09,md,8,247,0.1759,0.16,pr,pr2021046003,2021-02-15T05:33:11.979Z,"11 km S of Guánica, Puerto Rico",earthquake,1.16,0.73,0.13,5,reviewed,pr,pr
2021-02-15T03:07:51.128Z,61.5573,-141.3573,10.3,1.5,ml,,,,0.31,ak,ak021244jvhk,2021-02-15T03:12:29.998Z,"84 km E of McCarthy, Alaska",earthquake,,0.4,,,automatic,ak,ak
2021-02-15T03:07:30.340Z,33.1621667,-115.6378333,4.61,2.52,ml,45,30,0.02407,0.23,ci,ci39552271,2021-02-15T03:18:19.970Z,"12km WNW of Calipatria, CA",earthquake,0.29,0.67,0.272,26,automatic,ci,ci
2021-02-15T03:07:29.300Z,33.0960007,-115.6863327,0.16,1.58,ml,10,90,0.09257,0.34,ci,ci39552263,2021-02-15T03:09:49.342Z,"9km NW of Westmorland, CA",earthquake,0.89,3.31,0.606,7,automatic,ci,ci
2021-02-15T03:00:09.010Z,34.1516667,-117.4588333,6.3,1.03,ml,16,62,0.04842,0.2,ci,ci39552247,2021-02-15T03:03:54.399Z,"6km N of Fontana, CA",earthquake,0.5,1.2,0.339,25,automatic,ci,ci
2021-02-15T02:41:17.680Z,32.7221667,-115.4618333,11.48,1.21,ml,17,83,0.08388,0.22,ci,ci39552239,2021-02-15T02:44:49.976Z,"6km NE of Calexico, CA",earthquake,0.49,0.74,0.161,15,automatic,ci,ci
2021-02-15T02:35:07.180Z,38.2048,-117.9332,1.5,0.6,ml,11,108.52,0.021,0.1,nn,nn00800419,2021-02-15T03:56:49.695Z,"Nevada",earthquake,,11.9,,,automatic,nn,nn
2021-02-15T02:34:55.454Z,63.1296,-155.1604,4,2.4,ml,,,,0.8,ak,ak02124448up,2021-02-15T03:10:49.571Z,"29 km NE of McGrath, Alaska",earthquake,,0.4,,,automatic,ak,ak
2021-02-15T02:31:47.290Z,33.591,-116.8065,6.84,0.89,ml,39,42,0.03549,0.15,ci,ci39552231,2021-02-15T02:35:30.910Z,"13km WNW of Anza, CA",earthquake,0.19,0.38,0.196,26,automatic,ci,ci
2021-02-15T02:19:40.030Z,17.9391,-66.8498,9,2.7,md,22,196,0.0465,0.13,pr,pr2021046002,2021-02-15T03:19:28.734Z,"6 km SE of Maria Antonia, Puerto Rico",earthquake,0.44,0.41,0.35,19,reviewed,pr,pr
2021-02-15T02:07:06.870Z,38.1775,-118.0215,23,0.6,ml,12,106.07,0.013,0.07,nn,nn00800416,2021-02-15T02:29:42.419Z,"24 km SSE of Mina, Nevada",earthquake,,7.7,,,automatic,nn,nn
2021-02-15T02:01:07.850Z,19.2113342285156,-155.415496826172,34.4599990844727,2.06999993,md,38,158,,0.119999997,hv,hv72351732,2021-02-15T02:04:24.560Z,"6 km E of Pāhala, Hawaii",earthquake,0.52,0.680000007,1.02999997,3,automatic,hv,hv
2021-02-15T01:55:21.610Z,19.2238330841064,-155.421661376953,34.1199989318848,2.32,ml,47,133,,0.129999995,hv,hv72351727,2021-02-15T02:21:55.040Z,"6 km ENE of Pāhala, Hawaii",earthquake,0.55,0.720000029,2.63,12,automatic,hv,hv
2021-02-15T01:48:34.836Z,60.2513,-141.0902,8.3,1.2,ml,,,,1.04,ak,ak021243lrdn,2021-02-15T01:51:01.310Z,"109 km NW of Yakutat, Alaska",earthquake,,1.4,,,automatic,ak,ak
2021-02-15T01:36:56.840Z,17.96,-66.9718,17,1.34,md,4,262,0.073,0.02,pr,pr2021046001,2021-02-15T02:18:35.531Z,"6 km WSW of Fuig, Puerto Rico",earthquake,0.98,0.83,0.1,2,reviewed,pr,pr
2021-02-15T01:28:29.440Z,19.1946659088135,-155.447662353516,34.6199989318848,2.00999999,md,45,127,,0.119999997,hv,hv72351692,2021-02-15T01:31:40.190Z,"3 km ESE of Pāhala, Hawaii",earthquake,0.65,0.870000005,1.85000002,10,automatic,hv,hv
2021-02-15T01:26:55.940Z,38.8323326,-122.8156662,1.6,0.98,md,23,67,0.009936,0.02,nc,nc73523306,2021-02-15T01:49:06.099Z,"8km NW of The Geysers, CA",earthquake,0.2,0.36,0.07,4,automatic,nc,nc
2021-02-15T01:14:05.712Z,60.2641,-141.0748,12.9,1.3,ml,,,,0.88,ak,ak021243eese,2021-02-15T01:18:27.734Z,"109 km NW of Yakutat, Alaska",earthquake,,0.4,,,automatic,ak,ak
2021-02-15T01:13:17.363Z,63.9558,-148.8896,4,1.7,ml,,,,0.6,ak,ak021243e7yn,2021-02-15T01:21:48.350Z,"11 km NNE of Healy, Alaska",earthquake,,0.3,,,automatic,ak,ak
2021-02-15T01:04:01.587Z,63.4695,-148.841,6.5,1.6,ml,,,,0.39,ak,ak021243c9az,2021-02-15T01:16:47.161Z,"10 km NNE of Cantwell, Alaska",earthquake,,0.2,,,automatic,ak,ak
2021-02-15T01:02:15.230Z,34.0201667,-117.1295,9.41,0.92,ml,14,64,0.02084,0.28,ci,ci39552223,2021-02-15T01:05:57.244Z,"6km S of Mentone, CA",earthquake,0.75,1.43,0.178,22,automatic,ci,ci
2021-02-15T01:00:20.990Z,19.2089996337891,-155.442672729492,36.810001373291,1.95000005,md,39,187,,0.109999999,hv,hv72351677,2021-02-15T01:03:29.760Z,"3 km E of Pāhala, Hawaii",earthquake,0.64,0.720000029,0.970000029,3,automatic,hv,hv
2021-02-15T00:55:49.550Z,35.9688333,-117.3216667,4.03,1.33,ml,13,146,0.08372,0.13,ci,ci39552215,2021-02-15T00:59:22.858Z,"23km NNE of Trona, CA",earthquake,0.4,0.89,0.149,15,automatic,ci,ci
2021-02-15T00:54:35.110Z,17.9226,-66.9235,10,2.64,md,23,216,0.0687,0.13,pr,pr2021046000,2021-02-15T01:40:00.040Z,"5 km SSW of Guánica, Puerto Rico",earthquake,0.59,0.53,0.35,20,reviewed,pr,pr
2021-02-15T00:50:43.700Z,34.1648333,-117.4688333,11.79,2.14,ml,79,28,0.0441,0.21,ci,ci39552199,2021-02-15T01:01:33.380Z,"8km N of Fontana, CA",earthquake,0.21,0.64,0.141,24,automatic,ci,ci
2021-02-15T00:47:53.770Z,63.959,-148.8418,0,1.8,ml,,,,0.61,ak,ak02124305io,2021-02-15T01:06:45.456Z,"12 km NNE of Healy, Alaska",earthquake,,0.3,,,automatic,ak,ak
2021-02-15T00:29:53.680Z,19.2161674499512,-155.396331787109,33.3400001525879,2.06999993,md,42,152,,0.129999995,hv,hv72351662,2021-02-15T00:33:12.380Z,"8 km E of Pāhala, Hawaii",earthquake,0.64,0.889999986,0.0799999982,9,automatic,hv,hv
2021-02-15T00:29:04.400Z,38.8051682,-122.8928299,5.38,0.91,md,14,180,0.01155,0.03,nc,nc73523281,2021-02-15T00:56:05.249Z,"11km E of Cloverdale, CA",earthquake,0.52,1,0.01,2,automatic,nc,nc
2021-02-15T00:28:10.970Z,38.8068352,-122.7803345,2.52,0.59,md,15,65,0.00642,0.03,nc,nc73523276,2021-02-15T00:44:06.186Z,"4km NNW of The Geysers, CA",earthquake,0.28,0.55,0.05,3,automatic,nc,nc
2021-02-15T00:17:28.124Z,11.4329,-76.9852,10,4.9,mb,,60,2.341,1.22,us,us6000dhpp,2021-02-15T00:45:57.366Z,"197 km NW of Cartagena, Colombia",earthquake,7,1.9,0.128,19,reviewed,us,us
2021-02-15T00:03:18.210Z,38.2294998,-122.1910019,10.17,2.23,md,37,50,0.09944,0.22,nc,nc73523271,2021-02-15T02:30:06.173Z,"4km SW of Green Valley, CA",earthquake,0.36,0.85,0.14,35,automatic,nc,nc
2021-02-15T00:02:48.970Z,35.9693333,-117.3291667,1.82,1.75,ml,17,100,0.08662,0.16,ci,ci39552167,2021-02-15T00:06:47.916Z,"23km N of Trona, CA",earthquake,0.42,0.85,0.142,18,automatic,ci,ci
2021-02-15T00:02:34.167Z,64.9933,-147.4441,0.7,1.4,ml,,,,0.82,ak,ak021242qgs8,2021-02-15T00:07:39.185Z,"9 km ENE of Fox, Alaska",earthquake,,0.6,,,automatic,ak,ak
2021-02-15T00:01:46.440Z,38.1565,-118.0118,8.7,1.3,ml,15,141.76,0.047,0.04,nn,nn00800409,2021-02-15T00:56:58.250Z,"27 km SSE of Mina, Nevada",earthquake,,1.6,,,automatic,nn,nn
2021-02-14T23:59:57.363Z,60.0335,-141.7515,12.9,1.5,ml,,,,0.73,ak,ak02122t8cpi,2021-02-15T00:07:38.998Z,"125 km WNW of Yakutat, Alaska",earthquake,,0.3,,,automatic,ak,ak
2021-02-14T23:52:54.270Z,63.0057,-150.5555,103.5,2.5,ml,,,,0.53,ak,ak02122t6uk7,2021-02-15T00:13:51.040Z,"57 km N of Petersville, Alaska",earthquake,,0.6,,,automatic,ak,ak
2021-02-14T23:49:56.990Z,18.9081,-65.1533,22,3.54,md,24,318,1.0346,0.32,pr,pr2021045010,2021-02-15T06:00:55.040Z,"66 km NNW of Charlotte Amalie, U.S. Virgin Islands",earthquake,1.84,22.69,0.08,19,reviewed,pr,pr
2021-02-14T23:46:35.740Z,35.6556667,-117.5035,2.48,1.73,ml,22,80,0.07678,0.15,ci,ci39552151,2021-02-14T23:57:08.610Z,"15km SW of Searles Valley, CA",earthquake,0.28,0.62,0.179,27,reviewed,ci,ci
2021-02-14T23:45:12.820Z,38.8195,-122.7613297,2.28,0.72,md,8,120,0.01284,0.02,nc,nc73523251,2021-02-15T01:34:05.512Z,"3km W of Cobb, CA",earthquake,0.39,1.08,,1,automatic,nc,nc
2021-02-14T23:42:56.300Z,19.1813335418701,-155.434005737305,38.0099983215332,1.79999995,md,41,163,,0.119999997,hv,hv72351597,2021-02-14T23:46:06.090Z,"5 km ESE of Pāhala, Hawaii",earthquake,0.69,0.910000026,1.82000005,4,automatic,hv,hv
2021-02-14T23:42:34.470Z,35.9725,-117.3201667,3.07,3.6,ml,44,53,0.0867,0.16,ci,ci39552143,2021-02-15T07:04:01.621Z,"24km NNE of Trona, CA",earthquake,0.15,0.54,0.119,86,reviewed,ci,ci
2021-02-14T23:24:08.490Z,17.8336,-66.8315,8,2.6,md,11,258,0.2524,0.21,pr,pr2021045009,2021-02-14T23:40:13.336Z,"17 km SSE of Maria Antonia, Puerto Rico",earthquake,0.84,1.25,0.04,5,reviewed,pr,pr
2021-02-14T23:19:43.570Z,38.822834,-122.7646637,2.15,0.73,md,11,121,0.008658,0.02,nc,nc73523241,2021-02-15T00:52:06.228Z,"4km W of Cobb, CA",earthquake,0.36,0.58,,1,automatic,nc,nc
2021-02-14T23:14:38.425Z,13.1516,57.5804,10,4.4,mb,,58,11.804,0.92,us,us6000dhpd,2021-02-14T23:33:15.040Z,"Owen Fracture Zone region",earthquake,10.9,1.9,0.089,36,reviewed,us,us
2021-02-14T22:56:25.720Z,33.1536667,-116.7073333,16.87,0.98,ml,29,77,0.06779,0.24,ci,ci39552119,2021-02-14T23:00:10.474Z,"11km SSE of Lake Henshaw, CA",earthquake,0.42,0.75,0.171,25,automatic,ci,ci
2021-02-14T22:50:42.970Z,-7.178,129.357,127,4.6,mb,,78,2.084,0.59,us,us6000dhpa,2021-02-15T06:10:03.040Z,"299 km ENE of Lospalos, Timor Leste",earthquake,5.4,8.2,0.101,29,reviewed,us,us
2021-02-14T22:38:10.830Z,35.598,-117.475,7.9,0.91,ml,11,150,0.01551,0.17,ci,ci39552111,2021-02-14T22:41:45.484Z,"18km E of Ridgecrest, CA",earthquake,0.5,0.79,0.171,10,automatic,ci,ci
2021-02-14T22:26:44.350Z,34.2216667,-116.8411667,0.58,1.26,ml,25,63,0.07739,0.21,ci,ci39552103,2021-02-14T22:30:28.303Z,"4km S of Big Bear City, CA",earthquake,0.38,0.69,0.105,29,automatic,ci,ci
2021-02-14T22:24:17.021Z,65.1257,-155.4193,3.7,2.6,ml,,,,0.59,ak,ak02122sfc14,2021-02-14T22:56:06.040Z,"43 km N of Ruby, Alaska",earthquake,,0.3,,,automatic,ak,ak
2021-02-14T22:19:00.310Z,38.7996674,-122.7338333,0.96,0.98,md,17,106,0.01656,0.05,nc,nc73523221,2021-02-14T22:56:05.126Z,"3km SSW of Cobb, CA",earthquake,0.24,0.5,0.18,4,automatic,nc,nc
2021-02-14T22:17:31.640Z,38.7986679,-122.7344971,1.19,0.83,md,14,104,0.0198,0.04,nc,nc73523211,2021-02-14T22:33:06.984Z,"3km SSW of Cobb, CA",earthquake,0.27,0.63,0.36,3,automatic,nc,nc
2021-02-14T22:15:09.610Z,34.0005,-118.8031667,11.42,1.78,ml,21,197,0.004978,0.22,ci,ci39552095,2021-02-14T22:19:00.235Z,"1km SE of Malibu, CA",earthquake,0.71,0.52,0.205,28,automatic,ci,ci
2021-02-14T22:07:04.580Z,35.9023333,-117.6936667,3.54,0.75,ml,6,99,0.05746,0.09,ci,ci39552087,2021-02-14T22:10:47.172Z,"20km E of Little Lake, CA",earthquake,0.28,1.59,0.145,6,automatic,ci,ci
2021-02-14T22:06:39.954Z,-17.8962,-178.5996,538.63,4.4,mb,,84,3.192,0.78,us,us6000dhp6,2021-02-15T06:07:23.040Z,"221 km E of Levuka, Fiji",earthquake,13.3,7.1,0.042,164,reviewed,us,us
2021-02-14T22:01:21.150Z,36.22,-117.9288333,4.65,1.99,ml,19,97,0.1184,0.12,ci,ci39552079,2021-02-14T22:11:42.620Z,"10km SE of Olancha, CA",earthquake,0.37,2.63,0.245,26,automatic,ci,ci
2021-02-14T22:00:08.560Z,39.3992,-120.273,18,1.4,ml,10,80.54,0.088,0.06,nn,nn00800397,2021-02-14T22:04:01.083Z,"11 km NW of Truckee, California",earthquake,,0.6,,,automatic,nn,nn
2021-02-14T21:57:15.190Z,37.5658,-116.7175,28.4,0.9,ml,9,175.13,0.275,0.14,nn,nn00800395,2021-02-14T22:01:21.359Z,"48 km ESE of Goldfield, Nevada",earthquake,,2.7,,,automatic,nn,nn
2021-02-14T21:54:37.672Z,60.4068,-152.3433,95.3,1.5,ml,,,,0.54,ak,ak02122s0dka,2021-02-14T21:57:34.087Z,"54 km NW of Ninilchik, Alaska",earthquake,,0.7,,,automatic,ak,ak
2021-02-14T21:46:20.550Z,34.0143333,-118.7891667,8.71,2.18,ml,30,66,0.01771,0.25,ci,ci39552071,2021-02-14T21:50:27.065Z,"2km ENE of Malibu, CA",earthquake,0.56,0.82,0.174,25,automatic,ci,ci
2021-02-14T21:31:38.008Z,63.9573,-148.822,0,1.7,ml,,,,0.74,ak,ak02122rvg2b,2021-02-14T21:36:21.800Z,"13 km NNE of Healy, Alaska",earthquake,,0.3,,,automatic,ak,ak
2021-02-14T21:30:35.710Z,19.1615009307861,-155.473007202148,31.1399993896484,2.44000006,md,45,156,,0.119999997,hv,hv72351447,2021-02-14T21:33:44.160Z,"4 km S of Pāhala, Hawaii",earthquake,0.51,0.819999993,2.05999994,18,automatic,hv,hv
2021-02-14T21:23:33.220Z,19.2084999084473,-155.421005249023,36.1500015258789,2.31,ml,48,143,,0.129999995,hv,hv72351442,2021-02-14T21:29:04.820Z,"6 km E of Pāhala, Hawaii",earthquake,0.55,0.709999979,0.15,3,automatic,hv,hv
2021-02-14T21:20:51.120Z,34.0693333,-117.1826667,14.08,1.12,ml,26,106,0.06741,0.27,ci,ci39552063,2021-02-14T21:24:42.746Z,"2km N of Redlands, CA",earthquake,0.58,0.86,0.23,29,automatic,ci,ci
2021-02-14T21:09:54.114Z,-21.3957,-69.8549,42.06,4,mb,,136,0.084,0.54,us,us6000dhnn,2021-02-15T06:01:52.194Z,"84 km NNE of Tocopilla, Chile",earthquake,3.1,7.6,0.231,5,reviewed,us,us
2021-02-14T21:06:56.760Z,38.1675,-117.9858,5.4,0.6,ml,11,103.75,0.028,0.05,nn,nn00800393,2021-02-14T21:58:40.258Z,"26 km SSE of Mina, Nevada",earthquake,,0.6,,,automatic,nn,nn
2021-02-14T21:05:53.010Z,17.9166,-66.9678,14,2.24,md,12,238,0.0929,0.17,pr,pr2021045008,2021-02-14T21:24:59.131Z,"8 km SW of Guánica, Puerto Rico",earthquake,0.76,0.74,0.19,6,reviewed,pr,pr
2021-02-14T21:04:18.970Z,37.6266667,-118.8513333,3.73,-0.08,md,9,107,0.01199,0.02,nc,nc73523181,2021-02-14T21:42:28.525Z,"11km E of Mammoth Lakes, CA",earthquake,0.39,0.99,0.235,8,reviewed,nc,nc
2021-02-14T21:03:00.875Z,63.9603,-148.908,1.1,1.7,ml,,,,0.75,ak,ak02122rpd5f,2021-02-14T21:09:38.412Z,"11 km NNE of Healy, Alaska",earthquake,,0.3,,,automatic,ak,ak
2021-02-14T20:51:23.266Z,61.4156,-151.0242,63,1.8,ml,,,,0.42,ak,ak02122re9mx,2021-02-14T20:59:26.484Z,"30 km N of Beluga, Alaska",earthquake,,0.5,,,automatic,ak,ak
2021-02-14T20:50:58.489Z,63.9617,-148.8883,0,1.7,ml,,,,0.8,ak,ak02122re4mz,2021-02-14T20:57:46.194Z,"12 km NNE of Healy, Alaska",earthquake,,0.5,,,automatic,ak,ak
2021-02-14T20:34:36.890Z,63.2836,-150.5261,126.9,1.4,ml,,,,0.33,ak,ak02122rangu,2021-02-14T21:16:29.489Z,"66 km ESE of Denali National Park, Alaska",earthquake,,1.9,,,reviewed,ak,ak
2021-02-14T20:28:20.160Z,59.7712,-147.5766,49.5,2.4,ml,,,,0.6,ak,ak02122r9bxc,2021-02-14T20:32:12.317Z,"40 km SE of Chenega, Alaska",earthquake,,0.9,,,automatic,ak,ak
2021-02-14T20:27:42.140Z,38.5823,-118.1787,1.4,1.8,ml,14,117.06,0.416,0.85,nn,nn00800389,2021-02-14T20:51:02.803Z,"22 km NNW of Mina, Nevada",earthquake,,48.9,,,automatic,nn,nn
2021-02-14T20:10:09.924Z,63.9705,-148.9734,0,1.8,ml,,,,0.7,ak,ak02122r5g8j,2021-02-14T20:13:40.033Z,"8 km SE of Ferry, Alaska",earthquake,,0.6,,,automatic,ak,ak
2021-02-14T20:02:03.515Z,63.9635,-148.9049,9.9,1.6,ml,,,,1.22,ak,ak02122r3q12,2021-02-14T20:29:58.624Z,"11 km ESE of Ferry, Alaska",earthquake,,0.3,,,automatic,ak,ak
2021-02-14T19:58:51.830Z,63.9755,-148.9323,5,2.7,ml,,,,0.83,ak,ak02122que6m,2021-02-14T21:49:51.040Z,"10 km ESE of Ferry, Alaska",earthquake,,0,,,reviewed,ak,ak
2021-02-14T19:56:11.905Z,63.9821,-148.9487,6.5,3,ml,,,,0.8,ak,ak02122qtvpj,2021-02-14T21:10:00.273Z,"9 km ESE of Ferry, Alaska",earthquake,,0.3,,,reviewed,ak,ak
2021-02-14T19:51:14.531Z,63.9554,-148.8428,1.4,1.2,ml,,,,1.23,ak,ak02122qstcv,2021-02-14T19:57:15.595Z,"12 km NNE of Healy, Alaska",earthquake,,0.5,,,automatic,ak,ak
2021-02-14T19:47:05.542Z,63.9812,-148.9532,6.1,3.7,ml,,,,0.85,ak,ak02122qrxre,2021-02-15T06:44:58.809Z,"8 km ESE of Ferry, Alaska",earthquake,,0.2,,,reviewed,ak,ak
2021-02-14T19:46:54.447Z,1.0167,-85.1427,35.68,4.5,mb,,170,6.736,1.4,us,us6000dhnd,2021-02-14T20:50:23.040Z,"off the coast of Ecuador",earthquake,5.4,8.6,0.132,17,reviewed,us,us
2021-02-14T19:43:01.918Z,-17.6452,167.8518,70.91,5.3,mww,,69,9.723,0.53,us,us6000dhn6,2021-02-15T05:03:54.057Z,"50 km WNW of Port-Vila, Vanuatu",earthquake,10.2,6.7,0.098,10,reviewed,us,us
2021-02-14T19:42:26.245Z,63.9601,-148.9387,0.8,1.7,ml,,,,1,ak,ak02122qqwtc,2021-02-14T19:48:23.634Z,"10 km SE of Ferry, Alaska",earthquake,,0.8,,,automatic,ak,ak
2021-02-14T19:41:00.878Z,63.9647,-149.0184,0,2.4,ml,,,,0.97,ak,ak02122qqn54,2021-02-14T19:48:23.483Z,"7 km SE of Ferry, Alaska",earthquake,,0.2,,,automatic,ak,ak
2021-02-14T19:40:13.790Z,38.5631667,-122.3006667,2.44,1.07,md,9,106,0.1033,0.16,nc,nc73523171,2021-02-14T20:41:04.914Z,"13km E of Angwin, CA",earthquake,0.6,31.61,0.538,9,reviewed,nc,nc
2021-02-14T19:39:36.700Z,33.6895,-116.7878333,14.65,1.24,ml,48,34,0.0651,0.21,ci,ci39552047,2021-02-14T19:50:11.200Z,"8km SW of Idyllwild, CA",earthquake,0.29,0.41,0.224,30,automatic,ci,ci
2021-02-14T19:38:43.560Z,63.9642,-148.9173,1.3,2,ml,,,,0.53,ak,ak02122qq3ae,2021-02-14T19:48:23.343Z,"11 km ESE of Ferry, Alaska",earthquake,,0.2,,,automatic,ak,ak
2021-02-14T19:37:18.010Z,38.182,-117.9093,4.9,0.7,ml,9,115.97,0.025,0.1,nn,nn00800388,2021-02-14T20:28:39.559Z,"28 km SE of Mina, Nevada",earthquake,,8.9,,,automatic,nn,nn
2021-02-14T19:33:17.810Z,19.2121658325195,-155.422668457031,35.25,2.41,ml,52,139,,0.119999997,hv,hv72351282,2021-02-14T21:10:39.040Z,"5 km E of Pāhala, Hawaii",earthquake,0.45,0.600000024,4.22,17,automatic,hv,hv
2021-02-14T19:20:15.690Z,38.7999992,-122.814003,2.62,1.63,md,34,67,0.01445,0.04,nc,nc73523161,2021-02-14T22:09:07.420Z,"6km WNW of The Geysers, CA",earthquake,0.21,0.36,0.12,8,automatic,nc,nc
2021-02-14T19:19:57.550Z,32.7495,-115.8256667,4.64,1.52,ml,15,80,0.1298,0.2,ci,ci39552039,2021-02-14T19:23:49.406Z,"16km E of Ocotillo, CA",earthquake,0.41,1.4,0.23,17,automatic,ci,ci
2021-02-14T19:13:17.731Z,51.4121,-179.3142,18.47,5.2,mb,,130,1.704,0.82,us,us6000dhn0,2021-02-15T13:23:30.500Z,"192 km WSW of Adak, Alaska",earthquake,6.8,4.6,0.027,456,reviewed,us,us
2021-02-14T19:07:26.040Z,36.9001656,-121.4993362,5.66,1.27,md,9,193,0.01819,0.03,nc,nc73523156,2021-02-14T21:41:06.255Z,"7km NNE of San Juan Bautista, CA",earthquake,0.8,0.51,0.07,8,automatic,nc,nc
2021-02-14T19:03:16.590Z,38.8484993,-122.7711639,0.83,0.92,md,17,162,0.007168,0.03,nc,nc73523151,2021-02-14T19:27:07.468Z,"5km NW of Cobb, CA",earthquake,0.32,0.34,0.19,2,automatic,nc,nc
2021-02-14T18:54:23.720Z,38.1967,-117.9617,0.4,1,ml,12,95.95,0.02,0.08,nn,nn00800386,2021-02-14T19:39:19.989Z,"25 km SSE of Mina, Nevada",earthquake,,6.8,,,automatic,nn,nn
2021-02-14T18:32:14.240Z,35.8775,-117.6918333,1.95,1.36,ml,15,86,0.07789,0.14,ci,ci39552031,2021-02-14T18:36:03.311Z,"20km ESE of Little Lake, CA",earthquake,0.25,0.37,0.093,18,automatic,ci,ci
2021-02-14T18:26:26.890Z,38.8274994,-122.8050003,1.73,0.41,md,11,61,0.005701,0.01,nc,nc73523136,2021-02-14T18:42:06.225Z,"7km NW of The Geysers, CA",earthquake,0.36,1,0.16,2,automatic,nc,nc
2021-02-14T18:10:37.010Z,19.167667388916,-155.467666625977,33.1599998474121,1.91999996,md,37,162,,0.109999999,hv,hv72351192,2021-02-14T18:13:55.720Z,"4 km SSE of Pāhala, Hawaii",earthquake,0.68,1.12,0.949999988,3,automatic,hv,hv
2021-02-14T18:08:59.176Z,38.6126,-118.4684,4.2,3.1,ml,28,52.84,0.205,0.1245,nn,nn00800380,2021-02-14T21:08:29.040Z,"16 km NE of Hawthorne, Nevada",earthquake,,1.3,0.16,15,reviewed,nn,nn
2021-02-14T17:57:19.810Z,38.8213348,-122.7596664,1.34,0.4,md,8,136,0.01214,0.01,nc,nc73523121,2021-02-14T20:31:06.860Z,"3km W of Cobb, CA",earthquake,0.47,0.77,0.17,2,automatic,nc,nc
2021-02-14T17:54:27.707Z,57.023,-156.1483,65.8,2.8,ml,,,,0.6,ak,ak02122pmmbd,2021-02-14T21:05:49.040Z,"93 km SE of Ugashik, Alaska",earthquake,,0.7,,,automatic,ak,ak
2021-02-14T17:36:13.140Z,38.8035011,-122.7813339,2.5,0.55,md,11,108,0.009757,0.01,nc,nc73523111,2021-02-14T20:03:07.671Z,"4km NW of The Geysers, CA",earthquake,0.38,0.81,0.03,3,automatic,nc,nc
2021-02-14T17:24:22.406Z,61.5074,-151.5906,85,1.7,ml,,,,0.69,ak,ak02122pg6ec,2021-02-14T17:31:48.310Z,"49 km NW of Beluga, Alaska",earthquake,,0.6,,,automatic,ak,ak
2021-02-14T17:16:39.790Z,36.2376667,-118.3198333,1.38,1.76,ml,21,94,0.2796,0.24,ci,ci39551983,2021-02-14T17:20:22.358Z,"29km W of Olancha, CA",earthquake,0.53,2.72,0.198,24,automatic,ci,ci
2021-02-14T17:15:46.980Z,19.2264995574951,-155.457504272461,32.1199989318848,1.74000001,md,26,142,,0.129999995,hv,hv72351132,2021-02-14T17:19:04.090Z,"3 km NE of Pāhala, Hawaii",earthquake,0.76,0.930000007,0.870000005,3,automatic,hv,hv
2021-02-14T17:14:48.670Z,38.8093338,-122.8276672,0.6,0.89,md,27,50,0.0105,0.03,nc,nc73523096,2021-02-14T19:21:06.435Z,"7km WNW of The Geysers, CA",earthquake,0.18,0.35,0.08,5,automatic,nc,nc
2021-02-14T17:09:33.850Z,63.0503,-149.3095,72.5,1.1,ml,,,,0.59,ak,ak02122pczc7,2021-02-14T21:04:07.117Z,"42 km SSW of Cantwell, Alaska",earthquake,,1.7,,,reviewed,ak,ak
2021-02-14T17:03:55.732Z,60.4727,-143.1128,0,1.9,ml,,,,0.51,ak,ak02122pbqxw,2021-02-14T20:46:14.269Z,"107 km S of McCarthy, Alaska",earthquake,,0,,,reviewed,ak,ak
2021-02-14T17:03:42.260Z,38.8334999,-122.7919998,0.74,0.56,md,7,91,0.00507,0.03,nc,nc73523091,2021-02-14T18:53:04.289Z,"6km WNW of Cobb, CA",earthquake,0.42,0.9,,1,automatic,nc,nc
2021-02-14T17:01:20.190Z,19.4361667633057,-155.602996826172,-1.55999994277954,2.15,ml,23,70,,0.25,hv,hv72351107,2021-02-14T17:06:51.030Z,"27 km E of Honaunau-Napoopoo, Hawaii",earthquake,0.39,0.529999971,3.51,7,automatic,hv,hv
2021-02-14T16:43:34.770Z,17.9493,-67.031,5,2.63,md,14,233,0.0241,0.13,pr,pr2021045007,2021-02-14T16:59:37.152Z,"3 km SSE of La Parguera, Puerto Rico",earthquake,0.61,0.31,0.17,9,reviewed,pr,pr
2021-02-14T16:39:29.320Z,37.1892,-117.3472,8.6,1.4,ml,11,193.55,0.307,0.17,nn,nn00800376,2021-02-14T17:17:59.920Z,"58 km S of Goldfield, Nevada",earthquake,,13.6,,,automatic,nn,nn
2021-02-14T16:16:41.621Z,40.2789,76.2858,35,4.5,mb,,69,1.167,0.89,us,us6000dhmi,2021-02-14T17:16:38.040Z,"93 km NNE of Kashgar, China",earthquake,5.9,2,0.106,26,reviewed,us,us
2021-02-14T16:08:37.105Z,61.9561,-150.4943,43.8,1.7,ml,,,,0.58,ak,ak02122orchr,2021-02-14T16:20:20.285Z,"33 km NW of Willow, Alaska",earthquake,,1,,,automatic,ak,ak
2021-02-14T16:06:28.651Z,-23.2797,171.3058,10,5.1,mb,,117,8.383,0.72,us,us6000dhmj,2021-02-14T16:48:34.040Z,"southeast of the Loyalty Islands",earthquake,11.7,1.9,0.06,90,reviewed,us,us
2021-02-14T16:04:39.720Z,35.8033333,-117.6248333,8.39,0.91,ml,12,81,0.02543,0.2,ci,ci39551935,2021-02-14T16:08:13.713Z,"20km WNW of Searles Valley, CA",earthquake,0.45,0.89,0.128,10,automatic,ci,ci
2021-02-14T16:01:01.540Z,33.1591667,-115.6433333,3.42,1.34,ml,12,119,0.02954,0.15,ci,ci39551927,2021-02-14T16:04:52.563Z,"13km WNW of Calipatria, CA",earthquake,0.93,1.12,0.174,21,automatic,ci,ci
2021-02-14T16:00:46.980Z,57.1611,-155.0026,29.2,2.5,ml,,,,0.54,ak,ak02122opnib,2021-02-14T17:01:26.040Z,"55 km WNW of Akhiok, Alaska",earthquake,,1,,,automatic,ak,ak
2021-02-14T15:59:10.410Z,35.3543333,-117.897,5.03,0.9,ml,11,100,0.0963,0.2,ci,ci39551919,2021-02-14T16:03:02.650Z,"24km W of Johannesburg, CA",earthquake,0.56,1.3,0.155,12,automatic,ci,ci
2021-02-14T15:49:36.800Z,38.7621667,-122.4155,5.57,1.08,md,6,123,0.05029,0.13,nc,nc73523081,2021-02-14T19:50:05.597Z,"13km ESE of Hidden Valley Lake, CA",earthquake,0.61,1.79,0.105,5,reviewed,nc,nc
2021-02-14T15:49:06.842Z,58.0507,-151.4572,29.8,2.9,ml,,,,0.84,ak,ak02122oemwr,2021-02-14T16:09:06.040Z,"63 km ENE of Kodiak, Alaska",earthquake,,0.5,,,automatic,ak,ak
2021-02-14T15:48:38.280Z,34.0828333,-117.191,12.79,1.15,ml,16,139,0.08052,0.22,ci,ci39551911,2021-02-14T15:52:26.368Z,"3km NNW of Redlands, CA",earthquake,0.56,1.21,0.371,25,automatic,ci,ci
2021-02-14T15:48:28.320Z,38.1612,-117.994,1,1,ml,9,105.49,0.029,0.05,nn,nn00800374,2021-02-14T16:40:39.129Z,"27 km SSE of Mina, Nevada",earthquake,,6,,,automatic,nn,nn
2021-02-14T15:30:24.260Z,35.796833,-117.6231689,4.72,1.09,ml,12,95,0.02812,0.24,ci,ci39551887,2021-02-14T15:34:08.319Z,"20km W of Searles Valley, CA",earthquake,0.6,1.08,0.06,3,automatic,ci,ci
2021-02-14T15:15:16.320Z,36.0243333,-117.7745,1.4,1.34,ml,13,117,0.007541,0.12,ci,ci39551871,2021-02-14T15:18:54.405Z,"15km NE of Little Lake, CA",earthquake,0.26,0.21,0.191,14,automatic,ci,ci
2021-02-14T15:10:01.440Z,19.3131675720215,-155.213165283203,0.819999992847443,2.52,ml,49,91,,0.170000002,hv,hv72351042,2021-02-14T15:50:31.040Z,"14 km S of Volcano, Hawaii",earthquake,0.26,0.360000014,2.76,29,automatic,hv,hv
2021-02-14T15:08:45.187Z,60.811,-146.0663,15.1,1.9,ml,,,,0.57,ak,ak02122o5xie,2021-02-14T15:17:13.245Z,"33 km E of Tatitlek, Alaska",earthquake,,0.2,,,automatic,ak,ak
2021-02-14T15:07:38.172Z,-23.3831,171.6546,10,5,mb,,73,8.207,1,us,us6000dhmb,2021-02-14T15:46:12.040Z,"southeast of the Loyalty Islands",earthquake,11.9,1.8,0.088,43,reviewed,us,us
2021-02-14T15:01:42.587Z,-23.2612,171.731,10,5.8,mww,,70,8.074,0.54,us,us6000dhm9,2021-02-14T20:24:42.040Z,"southeast of the Loyalty Islands",earthquake,10.5,1.8,0.061,26,reviewed,us,us
2021-02-14T14:51:56.863Z,22.6836,145.7699,10,5.1,mb,,87,5.467,0.46,us,us6000dhm6,2021-02-14T15:36:30.040Z,"Volcano Islands, Japan region",earthquake,5.3,1.9,0.051,128,reviewed,us,us
2021-02-14T14:43:00.264Z,61.5032,-149.8993,35,1.9,ml,,,,0.44,ak,ak02122nrwi0,2021-02-14T14:49:20.259Z,"3 km SE of Big Lake, Alaska",earthquake,,3.3,,,automatic,ak,ak
2021-02-14T14:26:07.210Z,33.4505,-116.5598333,8.26,0.65,ml,22,69,0.05654,0.25,ci,ci39551863,2021-02-14T14:29:55.909Z,"16km SE of Anza, CA",earthquake,0.41,0.81,0.139,16,automatic,ci,ci
2021-02-14T14:18:48.550Z,19.1398334503174,-155.400161743164,32.7299995422363,2.25,md,51,178,,0.119999997,hv,hv72351007,2021-02-14T14:22:07.140Z,"10 km SE of Pāhala, Hawaii",earthquake,0.51,0.810000002,0.219999999,21,automatic,hv,hv
2021-02-14T14:11:21.442Z,57.1166,-155.051,48.1,2.7,ml,,,,0.55,ak,ak02122nl37q,2021-02-14T14:54:55.040Z,"56 km WNW of Akhiok, Alaska",earthquake,,2.3,,,automatic,ak,ak
2021-02-14T14:10:48.750Z,38.1922,-117.8835,6.2,2,ml,27,36.98,0.045,0.14,nn,nn00800366,2021-02-14T14:55:44.779Z,"29 km SE of Mina, Nevada",earthquake,,0.4,,,automatic,nn,nn
2021-02-14T14:08:39.180Z,19.167667388916,-155.477828979492,32.0999984741211,2.27999997,md,32,92,,0.129999995,hv,hv72350997,2021-02-14T14:11:53.050Z,"3 km S of Pāhala, Hawaii",earthquake,0.52,1,0.75,15,automatic,hv,hv
2021-02-14T14:08:21.730Z,19.3771667480469,-155.0625,5.09999990463257,1.73,ml,30,164,,0.289999992,hv,hv72350992,2021-02-14T14:13:51.690Z,"12 km SE of Fern Forest, Hawaii",earthquake,0.78,0.589999974,2.73,6,automatic,hv,hv
2021-02-14T14:01:54.877Z,-29.3856,-71.2291,43.85,4.4,mb,,132,0.594,0.61,us,us6000dhlv,2021-02-14T14:56:48.954Z,"57 km N of La Serena, Chile",earthquake,4.3,8.9,0.123,19,reviewed,us,us
2021-02-14T13:52:28.572Z,-23.3278,171.6058,10,4.8,mb,,115,8.204,0.77,us,us6000dhlt,2021-02-14T15:43:45.040Z,"southeast of the Loyalty Islands",earthquake,12.7,1.9,0.095,36,reviewed,us,us
2021-02-14T13:49:04.430Z,17.9795,-66.8416,17,2.47,md,14,178,0.2029,0.19,pr,pr2021045006,2021-02-14T14:03:34.502Z,"2 km SW of Indios, Puerto Rico",earthquake,0.65,0.4,0.14,9,reviewed,pr,pr
